split,filename,roi_image,source_scene,slot,label,binary_label,raw_score,predicted_anomaly
val,lighting_only_rgb_0004_SLOT_01.png,validation/good/lighting_only_rgb_0004_SLOT_01.png,raw/lighting_only/rgb_0004.png,SLOT_01,good,0,0.23384571075439453,0
val,lighting_only_rgb_0004_SLOT_02.png,validation/good/lighting_only_rgb_0004_SLOT_02.png,raw/lighting_only/rgb_0004.png,SLOT_02,good,0,0.2540125846862793,0
val,synthetic_defect_rgb_0000_SLOT_03.png,validation/yellow/synthetic_defect_rgb_0000_SLOT_03.png,raw/synthetic_defect/rgb_0000.png,SLOT_03,yellow,1,0.40631866455078125,1
val,synthetic_defect_rgb_0000_SLOT_04.png,validation/yellow/synthetic_defect_rgb_0000_SLOT_04.png,raw/synthetic_defect/rgb_0000.png,SLOT_04,yellow,1,0.46544456481933594,1
val,synthetic_defect_rgb_0000_SLOT_05.png,validation/brown/synthetic_defect_rgb_0000_SLOT_05.png,raw/synthetic_defect/rgb_0000.png,SLOT_05,brown,1,0.5530257225036621,1
val,synthetic_defect_rgb_0001_SLOT_05.png,validation/brown/synthetic_defect_rgb_0001_SLOT_05.png,raw/synthetic_defect/rgb_0001.png,SLOT_05,brown,1,0.49377894401550293,1
test,lighting_only_rgb_0011_SLOT_01.png,mvtec/cabbage/test/good/lighting_only_rgb_0011_SLOT_01.png,raw/lighting_only/rgb_0011.png,SLOT_01,good,0,0.25849342346191406,0
test,lighting_only_rgb_0011_SLOT_02.png,mvtec/cabbage/test/good/lighting_only_rgb_0011_SLOT_02.png,raw/lighting_only/rgb_0011.png,SLOT_02,good,0,0.2403545379638672,0
test,synthetic_defect_rgb_0003_SLOT_03.png,mvtec/cabbage/test/yellow/synthetic_defect_rgb_0003_SLOT_03.png,raw/synthetic_defect/rgb_0003.png,SLOT_03,yellow,1,0.35062074661254883,0
test,synthetic_defect_rgb_0003_SLOT_04.png,mvtec/cabbage/test/yellow/synthetic_defect_rgb_0003_SLOT_04.png,raw/synthetic_defect/rgb_0003.png,SLOT_04,yellow,1,0.3521761894226074,0
test,synthetic_defect_rgb_0003_SLOT_05.png,mvtec/cabbage/test/brown/synthetic_defect_rgb_0003_SLOT_05.png,raw/synthetic_defect/rgb_0003.png,SLOT_05,brown,1,0.4938843250274658,1
test,synthetic_defect_rgb_0005_SLOT_05.png,mvtec/cabbage/test/brown/synthetic_defect_rgb_0005_SLOT_05.png,raw/synthetic_defect/rgb_0005.png,SLOT_05,brown,1,0.4804563522338867,1
