timestamp, name, utilization.gpu [%], memory.used [MiB], memory.total [MiB], temperature.gpu
2026/09/23 20:58:21.712, NVIDIA GeForce RTX 5080 Laptop GPU, 97 %, 5284 MiB, 16303 MiB, 55
2026/09/23 20:58:23.716, NVIDIA GeForce RTX 5080 Laptop GPU, 97 %, 5290 MiB, 16303 MiB, 55
2026/09/23 20:58:25.717, NVIDIA GeForce RTX 5080 Laptop GPU, 97 %, 5237 MiB, 16303 MiB, 57
2026/09/23 20:58:27.717, NVIDIA GeForce RTX 5080 Laptop GPU, 96 %, 5237 MiB, 16303 MiB, 56
2026/09/23 20:58:29.717, NVIDIA GeForce RTX 5080 Laptop GPU, 96 %, 5216 MiB, 16303 MiB, 57
2026/09/23 20:58:31.718, NVIDIA GeForce RTX 5080 Laptop GPU, 87 %, 5216 MiB, 16303 MiB, 57
2026/09/23 20:58:33.718, NVIDIA GeForce RTX 5080 Laptop GPU, 91 %, 5216 MiB, 16303 MiB, 58
2026/09/23 20:58:35.718, NVIDIA GeForce RTX 5080 Laptop GPU, 82 %, 5216 MiB, 16303 MiB, 57
2026/09/23 20:58:37.719, NVIDIA GeForce RTX 5080 Laptop GPU, 57 %, 5216 MiB, 16303 MiB, 58
2026/09/23 20:58:39.719, NVIDIA GeForce RTX 5080 Laptop GPU, 98 %, 5216 MiB, 16303 MiB, 58
2026/09/23 20:58:41.719, NVIDIA GeForce RTX 5080 Laptop GPU, 95 %, 5165 MiB, 16303 MiB, 59
2026/09/23 20:58:43.719, NVIDIA GeForce RTX 5080 Laptop GPU, 99 %, 5268 MiB, 16303 MiB, 58
2026/09/23 20:58:45.720, NVIDIA GeForce RTX 5080 Laptop GPU, 97 %, 5165 MiB, 16303 MiB, 58
2026/09/23 20:58:47.720, NVIDIA GeForce RTX 5080 Laptop GPU, 98 %, 5268 MiB, 16303 MiB, 59
2026/09/23 20:58:49.720, NVIDIA GeForce RTX 5080 Laptop GPU, 97 %, 5268 MiB, 16303 MiB, 59
2026/09/23 20:58:51.720, NVIDIA GeForce RTX 5080 Laptop GPU, 98 %, 5268 MiB, 16303 MiB, 60
2026/09/23 20:58:53.720, NVIDIA GeForce RTX 5080 Laptop GPU, 83 %, 5216 MiB, 16303 MiB, 61
2026/09/23 20:58:55.721, NVIDIA GeForce RTX 5080 Laptop GPU, 98 %, 5268 MiB, 16303 MiB, 60
2026/09/23 20:58:57.721, NVIDIA GeForce RTX 5080 Laptop GPU, 50 %, 5216 MiB, 16303 MiB, 60
2026/09/23 20:58:59.721, NVIDIA GeForce RTX 5080 Laptop GPU, 37 %, 5216 MiB, 16303 MiB, 62
2026/09/23 20:59:01.721, NVIDIA GeForce RTX 5080 Laptop GPU, 99 %, 5165 MiB, 16303 MiB, 61
2026/09/23 20:59:03.722, NVIDIA GeForce RTX 5080 Laptop GPU, 96 %, 5165 MiB, 16303 MiB, 61
2026/09/23 20:59:05.722, NVIDIA GeForce RTX 5080 Laptop GPU, 98 %, 5268 MiB, 16303 MiB, 61
2026/09/23 20:59:07.722, NVIDIA GeForce RTX 5080 Laptop GPU, 60 %, 5165 MiB, 16303 MiB, 62
2026/09/23 20:59:09.722, NVIDIA GeForce RTX 5080 Laptop GPU, 96 %, 5165 MiB, 16303 MiB, 62
2026/09/23 20:59:11.723, NVIDIA GeForce RTX 5080 Laptop GPU, 97 %, 5268 MiB, 16303 MiB, 61
2026/09/23 20:59:13.723, NVIDIA GeForce RTX 5080 Laptop GPU, 98 %, 5267 MiB, 16303 MiB, 61
2026/09/23 20:59:15.723, NVIDIA GeForce RTX 5080 Laptop GPU, 97 %, 5165 MiB, 16303 MiB, 62
2026/09/23 20:59:17.723, NVIDIA GeForce RTX 5080 Laptop GPU, 91 %, 5216 MiB, 16303 MiB, 62
2026/09/23 20:59:19.724, NVIDIA GeForce RTX 5080 Laptop GPU, 97 %, 5165 MiB, 16303 MiB, 62
2026/09/23 20:59:21.724, NVIDIA GeForce RTX 5080 Laptop GPU, 96 %, 5165 MiB, 16303 MiB, 62
2026/09/23 20:59:23.724, NVIDIA GeForce RTX 5080 Laptop GPU, 97 %, 5165 MiB, 16303 MiB, 63
2026/09/23 20:59:25.724, NVIDIA GeForce RTX 5080 Laptop GPU, 97 %, 5165 MiB, 16303 MiB, 62
2026/09/23 20:59:27.724, NVIDIA GeForce RTX 5080 Laptop GPU, 72 %, 5165 MiB, 16303 MiB, 63
2026/09/23 20:59:29.725, NVIDIA GeForce RTX 5080 Laptop GPU, 58 %, 5165 MiB, 16303 MiB, 62
2026/09/23 20:59:31.725, NVIDIA GeForce RTX 5080 Laptop GPU, 39 %, 5165 MiB, 16303 MiB, 62
2026/09/23 20:59:33.725, NVIDIA GeForce RTX 5080 Laptop GPU, 40 %, 5165 MiB, 16303 MiB, 63
2026/09/23 20:59:35.726, NVIDIA GeForce RTX 5080 Laptop GPU, 84 %, 5165 MiB, 16303 MiB, 63
2026/09/23 20:59:37.726, NVIDIA GeForce RTX 5080 Laptop GPU, 98 %, 5165 MiB, 16303 MiB, 62
2026/09/23 20:59:39.726, NVIDIA GeForce RTX 5080 Laptop GPU, 98 %, 5267 MiB, 16303 MiB, 63
2026/09/23 20:59:41.727, NVIDIA GeForce RTX 5080 Laptop GPU, 74 %, 5216 MiB, 16303 MiB, 63
2026/09/23 20:59:43.727, NVIDIA GeForce RTX 5080 Laptop GPU, 66 %, 5267 MiB, 16303 MiB, 64
2026/09/23 20:59:45.727, NVIDIA GeForce RTX 5080 Laptop GPU, 93 %, 5267 MiB, 16303 MiB, 63
2026/09/23 20:59:47.727, NVIDIA GeForce RTX 5080 Laptop GPU, 93 %, 5216 MiB, 16303 MiB, 63
2026/09/23 20:59:49.728, NVIDIA GeForce RTX 5080 Laptop GPU, 99 %, 5294 MiB, 16303 MiB, 63
2026/09/23 20:59:51.728, NVIDIA GeForce RTX 5080 Laptop GPU, 64 %, 5391 MiB, 16303 MiB, 64
2026/09/23 20:59:53.728, NVIDIA GeForce RTX 5080 Laptop GPU, 72 %, 5352 MiB, 16303 MiB, 64
2026/09/23 20:59:55.729, NVIDIA GeForce RTX 5080 Laptop GPU, 96 %, 5300 MiB, 16303 MiB, 64
2026/09/23 20:59:57.729, NVIDIA GeForce RTX 5080 Laptop GPU, 99 %, 5292 MiB, 16303 MiB, 64
2026/09/23 20:59:59.730, NVIDIA GeForce RTX 5080 Laptop GPU, 95 %, 5239 MiB, 16303 MiB, 64
2026/09/23 21:00:01.730, NVIDIA GeForce RTX 5080 Laptop GPU, 66 %, 5188 MiB, 16303 MiB, 65
2026/09/23 21:00:03.730, NVIDIA GeForce RTX 5080 Laptop GPU, 97 %, 5216 MiB, 16303 MiB, 65
2026/09/23 21:00:05.731, NVIDIA GeForce RTX 5080 Laptop GPU, 93 %, 5219 MiB, 16303 MiB, 64
2026/09/23 21:00:07.731, NVIDIA GeForce RTX 5080 Laptop GPU, 98 %, 5242 MiB, 16303 MiB, 65
2026/09/23 21:00:09.731, NVIDIA GeForce RTX 5080 Laptop GPU, 42 %, 5191 MiB, 16303 MiB, 65
2026/09/23 21:00:11.731, NVIDIA GeForce RTX 5080 Laptop GPU, 98 %, 5197 MiB, 16303 MiB, 65
2026/09/23 21:00:13.732, NVIDIA GeForce RTX 5080 Laptop GPU, 96 %, 5314 MiB, 16303 MiB, 64
2026/09/23 21:00:15.732, NVIDIA GeForce RTX 5080 Laptop GPU, 62 %, 5352 MiB, 16303 MiB, 65
2026/09/23 21:00:17.732, NVIDIA GeForce RTX 5080 Laptop GPU, 89 %, 5199 MiB, 16303 MiB, 64
2026/09/23 21:00:19.732, NVIDIA GeForce RTX 5080 Laptop GPU, 57 %, 5196 MiB, 16303 MiB, 65
2026/09/23 21:00:21.733, NVIDIA GeForce RTX 5080 Laptop GPU, 57 %, 5196 MiB, 16303 MiB, 65
2026/09/23 21:00:23.733, NVIDIA GeForce RTX 5080 Laptop GPU, 54 %, 5281 MiB, 16303 MiB, 66
2026/09/23 21:00:25.734, NVIDIA GeForce RTX 5080 Laptop GPU, 53 %, 5178 MiB, 16303 MiB, 66
2026/09/23 21:00:27.734, NVIDIA GeForce RTX 5080 Laptop GPU, 64 %, 5201 MiB, 16303 MiB, 65
2026/09/23 21:00:29.734, NVIDIA GeForce RTX 5080 Laptop GPU, 59 %, 5178 MiB, 16303 MiB, 65
2026/09/23 21:00:31.735, NVIDIA GeForce RTX 5080 Laptop GPU, 57 %, 5178 MiB, 16303 MiB, 65
2026/09/23 21:00:33.735, NVIDIA GeForce RTX 5080 Laptop GPU, 63 %, 5178 MiB, 16303 MiB, 66
2026/09/23 21:00:35.735, NVIDIA GeForce RTX 5080 Laptop GPU, 64 %, 5178 MiB, 16303 MiB, 65
2026/09/23 21:00:37.736, NVIDIA GeForce RTX 5080 Laptop GPU, 96 %, 5201 MiB, 16303 MiB, 67
2026/09/23 21:00:39.736, NVIDIA GeForce RTX 5080 Laptop GPU, 73 %, 5230 MiB, 16303 MiB, 67
2026/09/23 21:00:41.736, NVIDIA GeForce RTX 5080 Laptop GPU, 60 %, 5178 MiB, 16303 MiB, 67
2026/09/23 21:00:43.736, NVIDIA GeForce RTX 5080 Laptop GPU, 41 %, 5178 MiB, 16303 MiB, 66
2026/09/23 21:00:45.737, NVIDIA GeForce RTX 5080 Laptop GPU, 99 %, 5303 MiB, 16303 MiB, 66
2026/09/23 21:00:47.737, NVIDIA GeForce RTX 5080 Laptop GPU, 91 %, 5201 MiB, 16303 MiB, 67
2026/09/23 21:00:49.737, NVIDIA GeForce RTX 5080 Laptop GPU, 97 %, 5178 MiB, 16303 MiB, 67
2026/09/23 21:00:51.737, NVIDIA GeForce RTX 5080 Laptop GPU, 94 %, 5178 MiB, 16303 MiB, 67
2026/09/23 21:00:53.738, NVIDIA GeForce RTX 5080 Laptop GPU, 98 %, 5201 MiB, 16303 MiB, 68
2026/09/23 21:00:55.738, NVIDIA GeForce RTX 5080 Laptop GPU, 86 %, 5230 MiB, 16303 MiB, 67
2026/09/23 21:00:57.738, NVIDIA GeForce RTX 5080 Laptop GPU, 43 %, 5178 MiB, 16303 MiB, 68
2026/09/23 21:00:59.739, NVIDIA GeForce RTX 5080 Laptop GPU, 89 %, 5178 MiB, 16303 MiB, 67
2026/09/23 21:01:01.739, NVIDIA GeForce RTX 5080 Laptop GPU, 89 %, 5178 MiB, 16303 MiB, 68
2026/09/23 21:01:03.740, NVIDIA GeForce RTX 5080 Laptop GPU, 83 %, 5178 MiB, 16303 MiB, 67
2026/09/23 21:01:05.740, NVIDIA GeForce RTX 5080 Laptop GPU, 82 %, 5201 MiB, 16303 MiB, 68
2026/09/23 21:01:07.740, NVIDIA GeForce RTX 5080 Laptop GPU, 70 %, 5178 MiB, 16303 MiB, 68
2026/09/23 21:01:09.740, NVIDIA GeForce RTX 5080 Laptop GPU, 64 %, 5201 MiB, 16303 MiB, 68
2026/09/23 21:01:11.740, NVIDIA GeForce RTX 5080 Laptop GPU, 88 %, 5178 MiB, 16303 MiB, 67
2026/09/23 21:01:13.741, NVIDIA GeForce RTX 5080 Laptop GPU, 92 %, 5178 MiB, 16303 MiB, 68
2026/09/23 21:01:15.741, NVIDIA GeForce RTX 5080 Laptop GPU, 87 %, 5178 MiB, 16303 MiB, 68
2026/09/23 21:01:17.741, NVIDIA GeForce RTX 5080 Laptop GPU, 94 %, 5178 MiB, 16303 MiB, 69
2026/09/23 21:01:19.741, NVIDIA GeForce RTX 5080 Laptop GPU, 89 %, 5178 MiB, 16303 MiB, 68
2026/09/23 21:01:21.741, NVIDIA GeForce RTX 5080 Laptop GPU, 93 %, 5178 MiB, 16303 MiB, 68
2026/09/23 21:01:23.742, NVIDIA GeForce RTX 5080 Laptop GPU, 97 %, 5178 MiB, 16303 MiB, 68
2026/09/23 21:01:25.742, NVIDIA GeForce RTX 5080 Laptop GPU, 97 %, 5201 MiB, 16303 MiB, 69
2026/09/23 21:01:27.742, NVIDIA GeForce RTX 5080 Laptop GPU, 87 %, 5178 MiB, 16303 MiB, 68
2026/09/23 21:01:29.742, NVIDIA GeForce RTX 5080 Laptop GPU, 60 %, 5178 MiB, 16303 MiB, 69
2026/09/23 21:01:31.743, NVIDIA GeForce RTX 5080 Laptop GPU, 66 %, 5178 MiB, 16303 MiB, 68
2026/09/23 21:01:33.743, NVIDIA GeForce RTX 5080 Laptop GPU, 93 %, 5178 MiB, 16303 MiB, 68
2026/09/23 21:01:35.743, NVIDIA GeForce RTX 5080 Laptop GPU, 98 %, 5240 MiB, 16303 MiB, 68
2026/09/23 21:01:37.743, NVIDIA GeForce RTX 5080 Laptop GPU, 68 %, 5230 MiB, 16303 MiB, 68
2026/09/23 21:01:39.743, NVIDIA GeForce RTX 5080 Laptop GPU, 84 %, 5201 MiB, 16303 MiB, 69
2026/09/23 21:01:41.744, NVIDIA GeForce RTX 5080 Laptop GPU, 98 %, 5178 MiB, 16303 MiB, 71
2026/09/23 21:01:43.744, NVIDIA GeForce RTX 5080 Laptop GPU, 55 %, 5178 MiB, 16303 MiB, 69
2026/09/23 21:01:45.744, NVIDIA GeForce RTX 5080 Laptop GPU, 98 %, 5178 MiB, 16303 MiB, 70
2026/09/23 21:01:47.744, NVIDIA GeForce RTX 5080 Laptop GPU, 98 %, 5178 MiB, 16303 MiB, 69
2026/09/23 21:01:49.745, NVIDIA GeForce RTX 5080 Laptop GPU, 86 %, 5178 MiB, 16303 MiB, 68
2026/09/23 21:01:51.745, NVIDIA GeForce RTX 5080 Laptop GPU, 56 %, 5178 MiB, 16303 MiB, 69
2026/09/23 21:01:53.745, NVIDIA GeForce RTX 5080 Laptop GPU, 79 %, 5178 MiB, 16303 MiB, 69
2026/09/23 21:01:55.745, NVIDIA GeForce RTX 5080 Laptop GPU, 94 %, 5178 MiB, 16303 MiB, 70
2026/09/23 21:01:57.746, NVIDIA GeForce RTX 5080 Laptop GPU, 67 %, 5178 MiB, 16303 MiB, 69
2026/09/23 21:01:59.746, NVIDIA GeForce RTX 5080 Laptop GPU, 54 %, 5230 MiB, 16303 MiB, 69
2026/09/23 21:02:01.746, NVIDIA GeForce RTX 5080 Laptop GPU, 88 %, 5201 MiB, 16303 MiB, 69
2026/09/23 21:02:03.746, NVIDIA GeForce RTX 5080 Laptop GPU, 92 %, 5178 MiB, 16303 MiB, 69
2026/09/23 21:02:05.747, NVIDIA GeForce RTX 5080 Laptop GPU, 90 %, 5178 MiB, 16303 MiB, 69
2026/09/23 21:02:07.747, NVIDIA GeForce RTX 5080 Laptop GPU, 55 %, 5178 MiB, 16303 MiB, 69
2026/09/23 21:02:09.747, NVIDIA GeForce RTX 5080 Laptop GPU, 92 %, 5178 MiB, 16303 MiB, 70
2026/09/23 21:02:11.747, NVIDIA GeForce RTX 5080 Laptop GPU, 90 %, 5178 MiB, 16303 MiB, 69
2026/09/23 21:02:13.747, NVIDIA GeForce RTX 5080 Laptop GPU, 91 %, 5178 MiB, 16303 MiB, 71
2026/09/23 21:02:15.748, NVIDIA GeForce RTX 5080 Laptop GPU, 53 %, 5178 MiB, 16303 MiB, 69
2026/09/23 21:02:17.748, NVIDIA GeForce RTX 5080 Laptop GPU, 66 %, 5178 MiB, 16303 MiB, 69
2026/09/23 21:02:19.748, NVIDIA GeForce RTX 5080 Laptop GPU, 79 %, 5178 MiB, 16303 MiB, 70
2026/09/23 21:02:21.749, NVIDIA GeForce RTX 5080 Laptop GPU, 98 %, 5281 MiB, 16303 MiB, 69
2026/09/23 21:02:23.749, NVIDIA GeForce RTX 5080 Laptop GPU, 98 %, 5178 MiB, 16303 MiB, 71
2026/09/23 21:02:25.749, NVIDIA GeForce RTX 5080 Laptop GPU, 97 %, 5178 MiB, 16303 MiB, 71
2026/09/23 21:02:27.750, NVIDIA GeForce RTX 5080 Laptop GPU, 83 %, 5201 MiB, 16303 MiB, 71
2026/09/23 21:02:29.750, NVIDIA GeForce RTX 5080 Laptop GPU, 40 %, 5201 MiB, 16303 MiB, 70
2026/09/23 21:02:31.751, NVIDIA GeForce RTX 5080 Laptop GPU, 96 %, 5178 MiB, 16303 MiB, 69
2026/09/23 21:02:33.751, NVIDIA GeForce RTX 5080 Laptop GPU, 60 %, 5201 MiB, 16303 MiB, 70
2026/09/23 21:02:35.751, NVIDIA GeForce RTX 5080 Laptop GPU, 82 %, 5178 MiB, 16303 MiB, 71
2026/09/23 21:02:37.752, NVIDIA GeForce RTX 5080 Laptop GPU, 96 %, 5201 MiB, 16303 MiB, 70
2026/09/23 21:02:39.752, NVIDIA GeForce RTX 5080 Laptop GPU, 58 %, 5201 MiB, 16303 MiB, 70
2026/09/23 21:02:41.752, NVIDIA GeForce RTX 5080 Laptop GPU, 94 %, 5198 MiB, 16303 MiB, 71
2026/09/23 21:02:43.752, NVIDIA GeForce RTX 5080 Laptop GPU, 85 %, 5246 MiB, 16303 MiB, 71
2026/09/23 21:02:45.753, NVIDIA GeForce RTX 5080 Laptop GPU, 55 %, 5363 MiB, 16303 MiB, 70
2026/09/23 21:02:47.753, NVIDIA GeForce RTX 5080 Laptop GPU, 95 %, 5300 MiB, 16303 MiB, 71
2026/09/23 21:02:49.753, NVIDIA GeForce RTX 5080 Laptop GPU, 99 %, 5204 MiB, 16303 MiB, 70
2026/09/23 21:02:51.753, NVIDIA GeForce RTX 5080 Laptop GPU, 86 %, 5306 MiB, 16303 MiB, 71
2026/09/23 21:02:53.753, NVIDIA GeForce RTX 5080 Laptop GPU, 98 %, 5202 MiB, 16303 MiB, 70
2026/09/23 21:02:55.754, NVIDIA GeForce RTX 5080 Laptop GPU, 76 %, 5233 MiB, 16303 MiB, 71
2026/09/23 21:02:57.754, NVIDIA GeForce RTX 5080 Laptop GPU, 38 %, 5233 MiB, 16303 MiB, 71
2026/09/23 21:02:59.754, NVIDIA GeForce RTX 5080 Laptop GPU, 59 %, 5203 MiB, 16303 MiB, 70
2026/09/23 21:03:01.754, NVIDIA GeForce RTX 5080 Laptop GPU, 98 %, 5326 MiB, 16303 MiB, 70
2026/09/23 21:03:03.755, NVIDIA GeForce RTX 5080 Laptop GPU, 97 %, 5230 MiB, 16303 MiB, 71
2026/09/23 21:03:05.755, NVIDIA GeForce RTX 5080 Laptop GPU, 91 %, 5264 MiB, 16303 MiB, 71
2026/09/23 21:03:07.755, NVIDIA GeForce RTX 5080 Laptop GPU, 61 %, 5241 MiB, 16303 MiB, 71
2026/09/23 21:03:09.755, NVIDIA GeForce RTX 5080 Laptop GPU, 98 %, 5239 MiB, 16303 MiB, 71
2026/09/23 21:03:11.756, NVIDIA GeForce RTX 5080 Laptop GPU, 58 %, 5202 MiB, 16303 MiB, 70
2026/09/23 21:03:13.756, NVIDIA GeForce RTX 5080 Laptop GPU, 93 %, 5203 MiB, 16303 MiB, 70
2026/09/23 21:03:15.756, NVIDIA GeForce RTX 5080 Laptop GPU, 77 %, 5200 MiB, 16303 MiB, 72
2026/09/23 21:03:17.756, NVIDIA GeForce RTX 5080 Laptop GPU, 97 %, 5303 MiB, 16303 MiB, 71
2026/09/23 21:03:19.756, NVIDIA GeForce RTX 5080 Laptop GPU, 97 %, 5254 MiB, 16303 MiB, 72
2026/09/23 21:03:21.757, NVIDIA GeForce RTX 5080 Laptop GPU, 90 %, 5332 MiB, 16303 MiB, 71
2026/09/23 21:03:23.757, NVIDIA GeForce RTX 5080 Laptop GPU, 88 %, 5244 MiB, 16303 MiB, 71
