source_image,category,split
raw/lighting_only/rgb_0066.png,lighting_only,train
raw/lighting_only/rgb_0187.png,lighting_only,train
raw/lighting_only/rgb_0101.png,lighting_only,train
raw/lighting_only/rgb_0193.png,lighting_only,train
raw/lighting_only/rgb_0111.png,lighting_only,train
raw/lighting_only/rgb_0121.png,lighting_only,train
raw/lighting_only/rgb_0013.png,lighting_only,train
raw/lighting_only/rgb_0002.png,lighting_only,train
raw/lighting_only/rgb_0064.png,lighting_only,train
raw/lighting_only/rgb_0044.png,lighting_only,train
raw/lighting_only/rgb_0136.png,lighting_only,train
raw/lighting_only/rgb_0170.png,lighting_only,train
raw/lighting_only/rgb_0128.png,lighting_only,train
raw/lighting_only/rgb_0076.png,lighting_only,train
raw/lighting_only/rgb_0158.png,lighting_only,train
raw/lighting_only/rgb_0167.png,lighting_only,train
raw/lighting_only/rgb_0045.png,lighting_only,train
raw/lighting_only/rgb_0130.png,lighting_only,train
raw/lighting_only/rgb_0030.png,lighting_only,train
raw/lighting_only/rgb_0003.png,lighting_only,train
raw/lighting_only/rgb_0159.png,lighting_only,train
raw/lighting_only/rgb_0015.png,lighting_only,train
raw/lighting_only/rgb_0042.png,lighting_only,train
raw/lighting_only/rgb_0126.png,lighting_only,train
raw/lighting_only/rgb_0186.png,lighting_only,train
raw/lighting_only/rgb_0162.png,lighting_only,train
raw/lighting_only/rgb_0047.png,lighting_only,train
raw/lighting_only/rgb_0110.png,lighting_only,train
raw/lighting_only/rgb_0005.png,lighting_only,train
raw/lighting_only/rgb_0194.png,lighting_only,train
raw/lighting_only/rgb_0037.png,lighting_only,train
raw/lighting_only/rgb_0122.png,lighting_only,train
raw/lighting_only/rgb_0012.png,lighting_only,train
raw/lighting_only/rgb_0036.png,lighting_only,train
raw/lighting_only/rgb_0153.png,lighting_only,train
raw/lighting_only/rgb_0069.png,lighting_only,train
raw/lighting_only/rgb_0061.png,lighting_only,train
raw/lighting_only/rgb_0195.png,lighting_only,train
raw/lighting_only/rgb_0032.png,lighting_only,train
raw/lighting_only/rgb_0172.png,lighting_only,train
raw/lighting_only/rgb_0171.png,lighting_only,train
raw/lighting_only/rgb_0060.png,lighting_only,train
raw/lighting_only/rgb_0010.png,lighting_only,train
raw/lighting_only/rgb_0144.png,lighting_only,train
raw/lighting_only/rgb_0160.png,lighting_only,train
raw/lighting_only/rgb_0052.png,lighting_only,train
raw/lighting_only/rgb_0125.png,lighting_only,train
raw/lighting_only/rgb_0106.png,lighting_only,train
raw/lighting_only/rgb_0073.png,lighting_only,train
raw/lighting_only/rgb_0113.png,lighting_only,train
raw/lighting_only/rgb_0105.png,lighting_only,train
raw/lighting_only/rgb_0095.png,lighting_only,train
raw/lighting_only/rgb_0103.png,lighting_only,train
raw/lighting_only/rgb_0145.png,lighting_only,train
raw/lighting_only/rgb_0043.png,lighting_only,train
raw/lighting_only/rgb_0000.png,lighting_only,train
raw/lighting_only/rgb_0161.png,lighting_only,train
raw/lighting_only/rgb_0192.png,lighting_only,train
raw/lighting_only/rgb_0016.png,lighting_only,train
raw/lighting_only/rgb_0080.png,lighting_only,train
raw/lighting_only/rgb_0102.png,lighting_only,train
raw/lighting_only/rgb_0038.png,lighting_only,train
raw/lighting_only/rgb_0156.png,lighting_only,train
raw/lighting_only/rgb_0176.png,lighting_only,train
raw/lighting_only/rgb_0135.png,lighting_only,train
raw/lighting_only/rgb_0078.png,lighting_only,train
raw/lighting_only/rgb_0115.png,lighting_only,train
raw/lighting_only/rgb_0019.png,lighting_only,train
raw/lighting_only/rgb_0014.png,lighting_only,train
raw/lighting_only/rgb_0177.png,lighting_only,train
raw/lighting_only/rgb_0146.png,lighting_only,train
raw/lighting_only/rgb_0179.png,lighting_only,train
raw/lighting_only/rgb_0065.png,lighting_only,train
raw/lighting_only/rgb_0084.png,lighting_only,train
raw/lighting_only/rgb_0165.png,lighting_only,train
raw/lighting_only/rgb_0046.png,lighting_only,train
raw/lighting_only/rgb_0104.png,lighting_only,train
raw/lighting_only/rgb_0079.png,lighting_only,train
raw/lighting_only/rgb_0054.png,lighting_only,train
raw/lighting_only/rgb_0196.png,lighting_only,train
raw/lighting_only/rgb_0085.png,lighting_only,train
raw/lighting_only/rgb_0118.png,lighting_only,train
raw/lighting_only/rgb_0109.png,lighting_only,train
raw/lighting_only/rgb_0133.png,lighting_only,train
raw/lighting_only/rgb_0142.png,lighting_only,train
raw/lighting_only/rgb_0033.png,lighting_only,train
raw/lighting_only/rgb_0018.png,lighting_only,train
raw/lighting_only/rgb_0140.png,lighting_only,train
raw/lighting_only/rgb_0123.png,lighting_only,train
raw/lighting_only/rgb_0175.png,lighting_only,train
raw/lighting_only/rgb_0063.png,lighting_only,train
raw/lighting_only/rgb_0083.png,lighting_only,train
raw/lighting_only/rgb_0148.png,lighting_only,train
raw/lighting_only/rgb_0100.png,lighting_only,train
raw/lighting_only/rgb_0155.png,lighting_only,train
raw/lighting_only/rgb_0072.png,lighting_only,train
raw/lighting_only/rgb_0027.png,lighting_only,train
raw/lighting_only/rgb_0184.png,lighting_only,train
raw/lighting_only/rgb_0112.png,lighting_only,train
raw/lighting_only/rgb_0051.png,lighting_only,train
raw/lighting_only/rgb_0174.png,lighting_only,val
raw/lighting_only/rgb_0004.png,lighting_only,val
raw/lighting_only/rgb_0029.png,lighting_only,val
raw/lighting_only/rgb_0183.png,lighting_only,val
raw/lighting_only/rgb_0099.png,lighting_only,val
raw/lighting_only/rgb_0098.png,lighting_only,val
raw/lighting_only/rgb_0131.png,lighting_only,val
raw/lighting_only/rgb_0124.png,lighting_only,val
raw/lighting_only/rgb_0198.png,lighting_only,val
raw/lighting_only/rgb_0134.png,lighting_only,val
raw/lighting_only/rgb_0178.png,lighting_only,val
raw/lighting_only/rgb_0120.png,lighting_only,val
raw/lighting_only/rgb_0034.png,lighting_only,val
raw/lighting_only/rgb_0048.png,lighting_only,val
raw/lighting_only/rgb_0169.png,lighting_only,val
raw/lighting_only/rgb_0138.png,lighting_only,val
raw/lighting_only/rgb_0149.png,lighting_only,val
raw/lighting_only/rgb_0132.png,lighting_only,val
raw/lighting_only/rgb_0127.png,lighting_only,val
raw/lighting_only/rgb_0021.png,lighting_only,val
raw/lighting_only/rgb_0081.png,lighting_only,val
raw/lighting_only/rgb_0077.png,lighting_only,val
raw/lighting_only/rgb_0009.png,lighting_only,val
raw/lighting_only/rgb_0082.png,lighting_only,val
raw/lighting_only/rgb_0164.png,lighting_only,val
raw/lighting_only/rgb_0119.png,lighting_only,val
raw/lighting_only/rgb_0089.png,lighting_only,val
raw/lighting_only/rgb_0068.png,lighting_only,val
raw/lighting_only/rgb_0053.png,lighting_only,val
raw/lighting_only/rgb_0090.png,lighting_only,val
raw/lighting_only/rgb_0094.png,lighting_only,test
raw/lighting_only/rgb_0041.png,lighting_only,test
raw/lighting_only/rgb_0093.png,lighting_only,test
raw/lighting_only/rgb_0116.png,lighting_only,test
raw/lighting_only/rgb_0199.png,lighting_only,test
raw/lighting_only/rgb_0157.png,lighting_only,test
raw/lighting_only/rgb_0025.png,lighting_only,test
raw/lighting_only/rgb_0180.png,lighting_only,test
raw/lighting_only/rgb_0147.png,lighting_only,test
raw/lighting_only/rgb_0074.png,lighting_only,test
raw/lighting_only/rgb_0058.png,lighting_only,test
raw/lighting_only/rgb_0152.png,lighting_only,test
raw/lighting_only/rgb_0017.png,lighting_only,test
raw/lighting_only/rgb_0049.png,lighting_only,test
raw/lighting_only/rgb_0092.png,lighting_only,test
raw/lighting_only/rgb_0075.png,lighting_only,test
raw/lighting_only/rgb_0141.png,lighting_only,test
raw/lighting_only/rgb_0020.png,lighting_only,test
raw/lighting_only/rgb_0096.png,lighting_only,test
raw/lighting_only/rgb_0031.png,lighting_only,test
raw/lighting_only/rgb_0137.png,lighting_only,test
raw/lighting_only/rgb_0117.png,lighting_only,test
raw/lighting_only/rgb_0011.png,lighting_only,test
raw/lighting_only/rgb_0067.png,lighting_only,test
raw/lighting_only/rgb_0088.png,lighting_only,test
raw/lighting_only/rgb_0091.png,lighting_only,test
raw/lighting_only/rgb_0024.png,lighting_only,test
raw/lighting_only/rgb_0097.png,lighting_only,test
raw/lighting_only/rgb_0182.png,lighting_only,test
raw/lighting_only/rgb_0190.png,lighting_only,test
raw/lighting_only/rgb_0086.png,lighting_only,reserve
raw/lighting_only/rgb_0181.png,lighting_only,reserve
raw/lighting_only/rgb_0039.png,lighting_only,reserve
raw/lighting_only/rgb_0168.png,lighting_only,reserve
raw/lighting_only/rgb_0087.png,lighting_only,reserve
raw/lighting_only/rgb_0185.png,lighting_only,reserve
raw/lighting_only/rgb_0040.png,lighting_only,reserve
raw/lighting_only/rgb_0001.png,lighting_only,reserve
raw/lighting_only/rgb_0071.png,lighting_only,reserve
raw/lighting_only/rgb_0150.png,lighting_only,reserve
raw/lighting_only/rgb_0114.png,lighting_only,reserve
raw/lighting_only/rgb_0056.png,lighting_only,reserve
raw/lighting_only/rgb_0107.png,lighting_only,reserve
raw/lighting_only/rgb_0191.png,lighting_only,reserve
raw/lighting_only/rgb_0166.png,lighting_only,reserve
raw/lighting_only/rgb_0050.png,lighting_only,reserve
raw/lighting_only/rgb_0143.png,lighting_only,reserve
raw/lighting_only/rgb_0197.png,lighting_only,reserve
raw/lighting_only/rgb_0154.png,lighting_only,reserve
raw/lighting_only/rgb_0129.png,lighting_only,reserve
raw/lighting_only/rgb_0059.png,lighting_only,reserve
raw/lighting_only/rgb_0055.png,lighting_only,reserve
raw/lighting_only/rgb_0023.png,lighting_only,reserve
raw/lighting_only/rgb_0007.png,lighting_only,reserve
raw/lighting_only/rgb_0008.png,lighting_only,reserve
raw/lighting_only/rgb_0108.png,lighting_only,reserve
raw/lighting_only/rgb_0151.png,lighting_only,reserve
raw/lighting_only/rgb_0022.png,lighting_only,reserve
raw/lighting_only/rgb_0139.png,lighting_only,reserve
raw/lighting_only/rgb_0173.png,lighting_only,reserve
raw/lighting_only/rgb_0026.png,lighting_only,reserve
raw/lighting_only/rgb_0188.png,lighting_only,reserve
raw/lighting_only/rgb_0035.png,lighting_only,reserve
raw/lighting_only/rgb_0057.png,lighting_only,reserve
raw/lighting_only/rgb_0062.png,lighting_only,reserve
raw/lighting_only/rgb_0070.png,lighting_only,reserve
raw/lighting_only/rgb_0189.png,lighting_only,reserve
raw/lighting_only/rgb_0006.png,lighting_only,reserve
raw/lighting_only/rgb_0028.png,lighting_only,reserve
raw/lighting_only/rgb_0163.png,lighting_only,reserve
raw/prim_rotation/rgb_0011.png,prim_rotation,train
raw/prim_rotation/rgb_0074.png,prim_rotation,train
raw/prim_rotation/rgb_0041.png,prim_rotation,train
raw/prim_rotation/rgb_0018.png,prim_rotation,train
raw/prim_rotation/rgb_0016.png,prim_rotation,train
raw/prim_rotation/rgb_0054.png,prim_rotation,train
raw/prim_rotation/rgb_0010.png,prim_rotation,train
raw/prim_rotation/rgb_0045.png,prim_rotation,train
raw/prim_rotation/rgb_0086.png,prim_rotation,train
raw/prim_rotation/rgb_0023.png,prim_rotation,train
raw/prim_rotation/rgb_0059.png,prim_rotation,train
raw/prim_rotation/rgb_0033.png,prim_rotation,train
raw/prim_rotation/rgb_0019.png,prim_rotation,train
raw/prim_rotation/rgb_0061.png,prim_rotation,train
raw/prim_rotation/rgb_0063.png,prim_rotation,train
raw/prim_rotation/rgb_0080.png,prim_rotation,train
raw/prim_rotation/rgb_0073.png,prim_rotation,train
raw/prim_rotation/rgb_0020.png,prim_rotation,train
raw/prim_rotation/rgb_0001.png,prim_rotation,train
raw/prim_rotation/rgb_0037.png,prim_rotation,train
raw/prim_rotation/rgb_0097.png,prim_rotation,train
raw/prim_rotation/rgb_0024.png,prim_rotation,train
raw/prim_rotation/rgb_0079.png,prim_rotation,train
raw/prim_rotation/rgb_0071.png,prim_rotation,train
raw/prim_rotation/rgb_0040.png,prim_rotation,train
raw/prim_rotation/rgb_0058.png,prim_rotation,train
raw/prim_rotation/rgb_0005.png,prim_rotation,train
raw/prim_rotation/rgb_0060.png,prim_rotation,train
raw/prim_rotation/rgb_0068.png,prim_rotation,train
raw/prim_rotation/rgb_0014.png,prim_rotation,train
raw/prim_rotation/rgb_0017.png,prim_rotation,train
raw/prim_rotation/rgb_0032.png,prim_rotation,train
raw/prim_rotation/rgb_0048.png,prim_rotation,train
raw/prim_rotation/rgb_0052.png,prim_rotation,train
raw/prim_rotation/rgb_0038.png,prim_rotation,train
raw/prim_rotation/rgb_0021.png,prim_rotation,train
raw/prim_rotation/rgb_0094.png,prim_rotation,train
raw/prim_rotation/rgb_0092.png,prim_rotation,train
raw/prim_rotation/rgb_0090.png,prim_rotation,train
raw/prim_rotation/rgb_0003.png,prim_rotation,train
raw/prim_rotation/rgb_0077.png,prim_rotation,train
raw/prim_rotation/rgb_0049.png,prim_rotation,train
raw/prim_rotation/rgb_0044.png,prim_rotation,train
raw/prim_rotation/rgb_0022.png,prim_rotation,train
raw/prim_rotation/rgb_0099.png,prim_rotation,train
raw/prim_rotation/rgb_0062.png,prim_rotation,train
raw/prim_rotation/rgb_0095.png,prim_rotation,train
raw/prim_rotation/rgb_0006.png,prim_rotation,train
raw/prim_rotation/rgb_0012.png,prim_rotation,train
raw/prim_rotation/rgb_0026.png,prim_rotation,train
raw/prim_rotation/rgb_0053.png,prim_rotation,train
raw/prim_rotation/rgb_0050.png,prim_rotation,train
raw/prim_rotation/rgb_0084.png,prim_rotation,train
raw/prim_rotation/rgb_0064.png,prim_rotation,train
raw/prim_rotation/rgb_0055.png,prim_rotation,train
raw/prim_rotation/rgb_0036.png,prim_rotation,train
raw/prim_rotation/rgb_0087.png,prim_rotation,train
raw/prim_rotation/rgb_0046.png,prim_rotation,train
raw/prim_rotation/rgb_0098.png,prim_rotation,train
raw/prim_rotation/rgb_0034.png,prim_rotation,train
raw/prim_rotation/rgb_0013.png,prim_rotation,train
raw/prim_rotation/rgb_0089.png,prim_rotation,train
raw/prim_rotation/rgb_0067.png,prim_rotation,train
raw/prim_rotation/rgb_0035.png,prim_rotation,train
raw/prim_rotation/rgb_0030.png,prim_rotation,train
raw/prim_rotation/rgb_0065.png,prim_rotation,train
raw/prim_rotation/rgb_0072.png,prim_rotation,train
raw/prim_rotation/rgb_0042.png,prim_rotation,train
raw/prim_rotation/rgb_0004.png,prim_rotation,train
raw/prim_rotation/rgb_0081.png,prim_rotation,train
raw/prim_rotation/rgb_0076.png,prim_rotation,val
raw/prim_rotation/rgb_0007.png,prim_rotation,val
raw/prim_rotation/rgb_0009.png,prim_rotation,val
raw/prim_rotation/rgb_0000.png,prim_rotation,val
raw/prim_rotation/rgb_0082.png,prim_rotation,val
raw/prim_rotation/rgb_0078.png,prim_rotation,val
raw/prim_rotation/rgb_0029.png,prim_rotation,val
raw/prim_rotation/rgb_0070.png,prim_rotation,val
raw/prim_rotation/rgb_0075.png,prim_rotation,val
raw/prim_rotation/rgb_0002.png,prim_rotation,val
raw/prim_rotation/rgb_0043.png,prim_rotation,val
raw/prim_rotation/rgb_0008.png,prim_rotation,val
raw/prim_rotation/rgb_0028.png,prim_rotation,val
raw/prim_rotation/rgb_0031.png,prim_rotation,val
raw/prim_rotation/rgb_0015.png,prim_rotation,val
raw/prim_rotation/rgb_0057.png,prim_rotation,test
raw/prim_rotation/rgb_0066.png,prim_rotation,test
raw/prim_rotation/rgb_0056.png,prim_rotation,test
raw/prim_rotation/rgb_0047.png,prim_rotation,test
raw/prim_rotation/rgb_0083.png,prim_rotation,test
raw/prim_rotation/rgb_0085.png,prim_rotation,test
raw/prim_rotation/rgb_0051.png,prim_rotation,test
raw/prim_rotation/rgb_0039.png,prim_rotation,test
raw/prim_rotation/rgb_0091.png,prim_rotation,test
raw/prim_rotation/rgb_0025.png,prim_rotation,test
raw/prim_rotation/rgb_0088.png,prim_rotation,test
raw/prim_rotation/rgb_0093.png,prim_rotation,test
raw/prim_rotation/rgb_0096.png,prim_rotation,test
raw/prim_rotation/rgb_0069.png,prim_rotation,test
raw/prim_rotation/rgb_0027.png,prim_rotation,test
raw/synthetic_defect/rgb_0023.png,synthetic_defect,val
raw/synthetic_defect/rgb_0010.png,synthetic_defect,val
raw/synthetic_defect/rgb_0008.png,synthetic_defect,val
raw/synthetic_defect/rgb_0030.png,synthetic_defect,val
raw/synthetic_defect/rgb_0017.png,synthetic_defect,val
raw/synthetic_defect/rgb_0004.png,synthetic_defect,val
raw/synthetic_defect/rgb_0021.png,synthetic_defect,val
raw/synthetic_defect/rgb_0006.png,synthetic_defect,val
raw/synthetic_defect/rgb_0049.png,synthetic_defect,val
raw/synthetic_defect/rgb_0000.png,synthetic_defect,val
raw/synthetic_defect/rgb_0011.png,synthetic_defect,val
raw/synthetic_defect/rgb_0037.png,synthetic_defect,val
raw/synthetic_defect/rgb_0047.png,synthetic_defect,val
raw/synthetic_defect/rgb_0040.png,synthetic_defect,val
raw/synthetic_defect/rgb_0014.png,synthetic_defect,val
raw/synthetic_defect/rgb_0041.png,synthetic_defect,val
raw/synthetic_defect/rgb_0039.png,synthetic_defect,val
raw/synthetic_defect/rgb_0007.png,synthetic_defect,val
raw/synthetic_defect/rgb_0033.png,synthetic_defect,val
raw/synthetic_defect/rgb_0019.png,synthetic_defect,val
raw/synthetic_defect/rgb_0022.png,synthetic_defect,val
raw/synthetic_defect/rgb_0025.png,synthetic_defect,val
raw/synthetic_defect/rgb_0002.png,synthetic_defect,val
raw/synthetic_defect/rgb_0026.png,synthetic_defect,val
raw/synthetic_defect/rgb_0001.png,synthetic_defect,val
raw/synthetic_defect/rgb_0005.png,synthetic_defect,test
raw/synthetic_defect/rgb_0028.png,synthetic_defect,test
raw/synthetic_defect/rgb_0045.png,synthetic_defect,test
raw/synthetic_defect/rgb_0048.png,synthetic_defect,test
raw/synthetic_defect/rgb_0015.png,synthetic_defect,test
raw/synthetic_defect/rgb_0038.png,synthetic_defect,test
raw/synthetic_defect/rgb_0032.png,synthetic_defect,test
raw/synthetic_defect/rgb_0043.png,synthetic_defect,test
raw/synthetic_defect/rgb_0020.png,synthetic_defect,test
raw/synthetic_defect/rgb_0036.png,synthetic_defect,test
raw/synthetic_defect/rgb_0034.png,synthetic_defect,test
raw/synthetic_defect/rgb_0003.png,synthetic_defect,test
raw/synthetic_defect/rgb_0013.png,synthetic_defect,test
raw/synthetic_defect/rgb_0046.png,synthetic_defect,test
raw/synthetic_defect/rgb_0012.png,synthetic_defect,test
raw/synthetic_defect/rgb_0009.png,synthetic_defect,test
raw/synthetic_defect/rgb_0031.png,synthetic_defect,test
raw/synthetic_defect/rgb_0042.png,synthetic_defect,test
raw/synthetic_defect/rgb_0035.png,synthetic_defect,test
raw/synthetic_defect/rgb_0044.png,synthetic_defect,test
raw/synthetic_defect/rgb_0027.png,synthetic_defect,test
raw/synthetic_defect/rgb_0018.png,synthetic_defect,test
raw/synthetic_defect/rgb_0029.png,synthetic_defect,test
raw/synthetic_defect/rgb_0016.png,synthetic_defect,test
raw/synthetic_defect/rgb_0024.png,synthetic_defect,test
raw/prim_rotation/rgb_0100.png,prim_rotation,excluded_defect
raw/prim_rotation/rgb_0101.png,prim_rotation,excluded_defect
raw/prim_rotation/rgb_0102.png,prim_rotation,excluded_defect
raw/prim_rotation/rgb_0103.png,prim_rotation,excluded_defect
raw/prim_rotation/rgb_0104.png,prim_rotation,excluded_defect
raw/prim_rotation/rgb_0105.png,prim_rotation,excluded_defect
raw/prim_rotation/rgb_0106.png,prim_rotation,excluded_defect
raw/prim_rotation/rgb_0107.png,prim_rotation,excluded_defect
raw/prim_rotation/rgb_0108.png,prim_rotation,excluded_defect
raw/prim_rotation/rgb_0109.png,prim_rotation,excluded_defect
raw/prim_rotation/rgb_0110.png,prim_rotation,excluded_defect
raw/prim_rotation/rgb_0111.png,prim_rotation,excluded_defect
raw/prim_rotation/rgb_0112.png,prim_rotation,excluded_defect
raw/prim_rotation/rgb_0113.png,prim_rotation,excluded_defect
raw/prim_rotation/rgb_0114.png,prim_rotation,excluded_defect
raw/prim_rotation/rgb_0115.png,prim_rotation,excluded_defect
raw/prim_rotation/rgb_0116.png,prim_rotation,excluded_defect
raw/prim_rotation/rgb_0117.png,prim_rotation,excluded_defect
raw/prim_rotation/rgb_0118.png,prim_rotation,excluded_defect
raw/prim_rotation/rgb_0119.png,prim_rotation,excluded_defect
raw/prim_rotation/rgb_0120.png,prim_rotation,excluded_defect
raw/prim_rotation/rgb_0121.png,prim_rotation,excluded_defect
raw/prim_rotation/rgb_0122.png,prim_rotation,excluded_defect
raw/prim_rotation/rgb_0123.png,prim_rotation,excluded_defect
raw/prim_rotation/rgb_0124.png,prim_rotation,excluded_defect
raw/prim_rotation/rgb_0125.png,prim_rotation,excluded_defect
raw/prim_rotation/rgb_0126.png,prim_rotation,excluded_defect
raw/prim_rotation/rgb_0127.png,prim_rotation,excluded_defect
raw/prim_rotation/rgb_0128.png,prim_rotation,excluded_defect
raw/prim_rotation/rgb_0129.png,prim_rotation,excluded_defect
raw/prim_rotation/rgb_0130.png,prim_rotation,excluded_defect
raw/prim_rotation/rgb_0131.png,prim_rotation,excluded_defect
raw/prim_rotation/rgb_0132.png,prim_rotation,excluded_defect
raw/prim_rotation/rgb_0133.png,prim_rotation,excluded_defect
raw/prim_rotation/rgb_0134.png,prim_rotation,excluded_defect
raw/prim_rotation/rgb_0135.png,prim_rotation,excluded_defect
raw/prim_rotation/rgb_0136.png,prim_rotation,excluded_defect
raw/prim_rotation/rgb_0137.png,prim_rotation,excluded_defect
raw/prim_rotation/rgb_0138.png,prim_rotation,excluded_defect
raw/prim_rotation/rgb_0139.png,prim_rotation,excluded_defect
